emp_id,name,dept,nic
E001,Alice Perera,Finance,960433149V
E002,Bob Silva,IT,199604303149
E003,Chamari Fernando,HR,855062345V
E004,Dinesh Kumar,Operations,198805062345
E005,Eshan Jayawardena,Marketing,921234567X
E006,Fathima Nazar,Finance,199212345678
E007,Gayan Rathnayake,IT,880023456V
E008,Harini Wickrama,HR,199712349876
E009,Isuru Bandara,Operations,910098765X
E010,Jeevani Perera,Marketing,198512340012
E011,Nuwan De Silva,Marketing,197970307911
E012,Kaushalya Fernando,Finance,197618895480
E013,Vimukthi Navaratne,Finance,198302014086
E014,Chathura Pathirana,HR,198554790286
E015,Hiruni Wickramasinghe,Operations,197761595510
E016,Dulan Lokuge,HR,199502636220
E017,Vimukthi Bandara,IT,197814968672
E018,Malith De Silva,IT,892872961V
E019,Supun Herath,Marketing,826911596V
E020,Champika Jayawardena,IT,742890976V
E021,Kavindu Hettiarachchi,Operations,200134987116
E022,Ishara Amarasinghe,IT,993007424V
E023,Tharindu Weerasinghe,Operations,198559339991
E024,Malith Lokuge,Finance,200117673534
E025,Sanjaya De Silva,Finance,740618387V
E026,Nadeesha Cooray,HR,199157880116
E027,Charith Liyanage,Marketing,197478693885
E028,Supun Hettiarachchi,HR,199280581379
E029,Madhavi Rathnayake,IT,197404844227
E030,Janith Herath,Marketing,197403250729
E031,Vimukthi Liyanage,Operations,199814663205
E032,Madhavi Bandara,IT,996822753V
E033,Upeksha Jayawardena,IT,840313575V
E034,Manori Mendis,Operations,781276519V
E035,Lasith Wickramasinghe,Operations,200154227257
E036,Kamal Wickramasinghe,IT,875717053V
E037,Tharindu Pathirana,Finance,198736268045
E038,Ayesha Wickramasinghe,IT,199411924721
E039,Manori Tennakoon,Operations,848383822V
E040,Imesha Samarakoon,HR,816354619V
E041,Sanduni Jayawardena,Marketing,199677460499
E042,Nethmi Rathnayake,IT,197835484459
E043,Sewwandi Amarasinghe,Marketing,197323491636
E044,Dulan Cooray,IT,955547889V
E045,Amila Samarakoon,Marketing,197309811033
E046,Ruwan Mendis,IT,197767598420
E047,Nimali Ranasinghe,Marketing,197977516625
E048,Tharushi Wickramasinghe,IT,197410761642
E049,Rashmi Mendis,Finance,199230959667
E050,Kaushalya De Silva,HR,200173978707
E051,Lakmini Pathirana,HR,197955356134
E052,Tharindu Fernando,IT,807650378V
E053,Hasitha Navaratne,Finance,199357688990
E054,Dhanushka Illangakoon,Finance,893301491V
E055,Sanduni Tennakoon,IT,862666008V
E056,Tharushi Liyanage,HR,199211587258
E057,Nethmi Madushanka,HR,913263654V
E058,Rashmi Pathirana,Finance,198212365643
E059,Piumi Liyanage,Marketing,200168304740
E060,Asanka Liyanage,Finance,200013331729
E061,Amila Gamage,IT,199817959741
E062,Hiruni Karunaratne,IT,847413222V
E063,Piumi Hettiarachchi,IT,200082099980
E064,Amila Illangakoon,IT,199283013891
E065,Madhavi Tennakoon,Operations,822452924V
E066,Madhavi Dissanayake,Marketing,915456485V
E067,Oshadi Amarasinghe,Marketing,197558227852
E068,Thilina Ranasinghe,Operations,199983623949
E069,Yamuna Amarasinghe,Finance,973375741V
E070,Pradeep De Silva,IT,785110233V
E071,Ishara Mendis,Operations,197627022816
E072,Gayani Navaratne,Finance,821090458V
E073,Amila Lokuge,Operations,198875739409
E074,Kaushalya Weerasinghe,Operations,199656809975
E075,Supun Silva,Operations,962572142V
E076,Lakmini Karunaratne,HR,870107211V
E077,Sewwandi Lokuge,Marketing,197007728232
E078,Dinusha Abeysekara,IT,197778510115
E079,Supun Dissanayake,IT,200005591790
E080,Sachini Kodikara,IT,198752216018
E081,Sanjaya Silva,IT,197153372625
E082,Upeksha Amarasinghe,Marketing,200231183913
E083,Hasitha Pathirana,Operations,982618737V
E084,Sanjaya Pathirana,Marketing,200212785724
E085,Roshan Tennakoon,IT,822302246V
E086,Ruwan De Silva,Operations,199572751771
E087,Manori Hettiarachchi,HR,199703834844
E088,Rashmi De Silva,Operations,793305999V
E089,Upeksha Tennakoon,Operations,787403597V
E090,Amila Kodikara,Marketing,197620479832
E091,Upeksha Samarakoon,IT,840837070V
E092,Vindya Karunaratne,Marketing,199517469023
E093,Sanjaya Liyanage,Marketing,756880319V
E094,Oshadi Edirisinghe,Marketing,199972602966
E095,Manori Ranasinghe,Operations,198876310531
E096,Dilani Madushanka,Marketing,840541377V
E097,Ruwan Amarasinghe,Marketing,197259344302
E098,Nethmi Lokuge,HR,198620824478
E099,Thilina Mendis,Marketing,973595358V
E100,Nadeeka Navaratne,IT,738533003V
